"","variable","estimate","se","ci_low","ci_high","p_value"
"1","ba_removed",-0.1327,0.135,-0.39865,0.13325,0.3309
"2","drought",-0.3621,0.1112,-0.581164,-0.143036,0.0019
"3","fire",0.2353,0.1403,-0.041091,0.511691,0.1003
"4","insect",-0.0559,0.1238,-0.299786,0.187986,0.6537
"5","ba_removed:fire",0.4146,0.2561,-0.089917,0.919117,0.1189
"6","ba_removed:insect",0.3185,0.1949,-0.065453,0.702453,0.1091
