"","variable","estimate","se","ci_low","ci_high","p_value"
"1","ba_removed",0.0138,0.0819,-0.147543,0.175143,0.8664
"2","drought",0.0379,0.0883,-0.136051,0.211851,0.6682
"3","fire",1.2218,0.1833,0.860699,1.582901,0
"4","insect",0.0829,0.0511,-0.017767,0.183567,0.108
"5","ba_removed:fire",0.64,0.2203,0.206009,1.073991,0.0053
"6","ba_removed:insect",0.0294,0.0948,-0.157356,0.216156,0.7567
