"","variable","estimate","se","ci_low","ci_high","p_value"
"1","ba_removed",0.011,0.1356,-0.256132,0.278132,0.9356
"2","drought",0.0349,0.1515,-0.263555,0.333355,0.8182
"3","fire",1.7563,0.1926,1.376878,2.135722,0
"4","insect",0.0964,0.0868,-0.074596,0.267396,0.269
"5","ba_removed:fire",0.4775,0.2934,-0.100498,1.055498,0.1089
"6","ba_removed:insect",0.0386,0.1571,-0.270887,0.348087,0.8063
