"","variable","estimate","se","ci_low","ci_high","p_value"
"1","ba_removed",0.0136,0.0898,-0.163306,0.190506,0.8795
"2","drought",0.0382,0.097,-0.15289,0.22929,0.6947
"3","fire",1.1924,0.1753,0.847059,1.537741,0
"4","insect",0.0863,0.0545,-0.021065,0.193665,0.116
"5","ba_removed:fire",0.5972,0.238,0.12834,1.06606,0.0153
"6","ba_removed:insect",0.0303,0.1032,-0.173004,0.233604,0.7694
