"","variable","estimate","se","ci_low","ci_high","p_value"
"1","ba_removed",0.0126,0.1341,-0.251577,0.276777,0.9252
"2","drought",0.0379,0.1579,-0.273163,0.348963,0.8106
"3","fire",1.7668,0.1852,1.401956,2.131644,0
"4","insect",0.1009,0.088,-0.07246,0.27426,0.2539
"5","ba_removed:fire",0.478,0.311,-0.13467,1.09067,0.1303
"6","ba_removed:insect",0.0358,0.1559,-0.271323,0.342923,0.8188
