"","variable","estimate","se","ci_low","ci_high","p_value"
"1","ba_removed",-0.1115,0.113,-0.33411,0.11111,0.3309
"2","drought",-0.4481,0.0778,-0.601366,-0.294834,0
"3","fire",0.2169,0.1286,-0.0364419999999999,0.470242,0.0963
"4","insect",-0.0597,0.1163,-0.288811,0.169411,0.6092
"5","ba_removed:fire",0.3976,0.2407,-0.076579,0.871779,0.1123
"6","ba_removed:insect",0.2967,0.1727,-0.043519,0.636919,0.0918
