"","variable","estimate","se","ci_low","ci_high","p_value"
"1","cwd",-0.0068,0.1542,-0.310574,0.296974,0.9647
"2","drought",0.0277,0.1737,-0.314489,0.369889,0.8736
"3","fire",2.0177,0.1627,1.697181,2.338219,0
"4","insect",0.1012,0.0972,-0.090284,0.292684,0.2995
"5","cwd:fire",0.1098,0.292,-0.46544,0.68504,0.7076
"6","cwd:insect",0.0551,0.1817,-0.302849,0.413049,0.7622
