"","variable","estimate","se","ci_low","ci_high","p_value"
"1","cwd",-0.0865,0.0708,-0.225976,0.052976,0.2252
"2","drought",-0.44,0.0749,-0.587553,-0.292447,0
"3","fire",0.2768,0.1222,0.036066,0.517534,0.0262
"4","insect",-0.1297,0.2054,-0.534338,0.274938,0.5294
"5","cwd:fire",-0.3638,0.1773,-0.713081,-0.014519,0.0433
"6","cwd:insect",-0.0155,0.227,-0.46269,0.43169,0.9457
