"","variable","estimate","se","ci_low","ci_high","p_value"
"1","cwd",-0.0744,0.1046,-0.280462,0.131662,0.4795
"2","drought",-0.3716,0.1106,-0.589482,-0.153718,0.0014
"3","fire",0.4343,0.1506,0.137618,0.730982,0.0056
"4","insect",-0.0885,0.1721,-0.427537,0.250537,0.6093
"5","cwd:fire",-0.313,0.184,-0.67548,0.04948,0.0944
"6","cwd:insect",0.0064,0.2212,-0.429364,0.442164,0.9771
