"","variable","estimate","se","ci_low","ci_high","p_value"
"1","cwd",-0.1083,0.0751,-0.256247,0.039647,0.153
"2","drought",-0.4671,0.0704,-0.605788,-0.328412,0
"3","fire",0.149,0.1184,-0.084248,0.382248,0.2121
"4","insect",-0.0545,0.1136,-0.278292,0.169292,0.6326
"5","cwd:fire",-0.3685,0.1863,-0.735511,-0.00148900000000002,0.0514
"6","cwd:insect",0.3806,0.1219,0.140457,0.620743,0.0025
