"","variable","estimate","se","ci_low","ci_high","p_value"
"1","cwd",0.0075,0.0811,-0.152267,0.167267,0.9262
"2","drought",0.0332,0.1009,-0.165573,0.231973,0.7428
"3","fire",1.5375,0.2205,1.103115,1.971885,0
"4","insect",0.0752,0.0603,-0.043591,0.193991,0.2144
"5","cwd:fire",-0.0338,0.371,-0.76467,0.69707,0.9281
"6","cwd:insect",-0.0204,0.0988,-0.215036,0.174236,0.8369
