"","variable","estimate","se","ci_low","ci_high","p_value"
"1","cwd",0.0025,0.0944,-0.183468,0.188468,0.9788
"2","drought",0.0311,0.1421,-0.248837,0.311037,0.8271
"3","fire",1.9714,0.1451,1.685553,2.257247,0
"4","insect",0.0856,0.0928,-0.097216,0.268416,0.3585
"5","cwd:fire",0.1211,0.3128,-0.495116,0.737316,0.6995
"6","cwd:insect",-0.0222,0.1365,-0.291105,0.246705,0.8709
