"","variable","estimate","se","ci_low","ci_high","p_value"
"1","cwd",-0.0836,0.0704,-0.222288,0.055088,0.2385
"2","drought",-0.4436,0.075,-0.59135,-0.29585,0
"3","fire",0.2913,0.1216,0.051748,0.530852,0.0189
"4","insect",-0.1275,0.2064,-0.534108,0.279108,0.5384
"5","cwd:fire",-0.3623,0.1769,-0.710793,-0.013807,0.0437
"6","cwd:insect",-0.012,0.2245,-0.454265,0.430265,0.9575
