"","variable","estimate","se","ci_low","ci_high","p_value"
"1","cwd",0.0048,0.1244,-0.240268,0.249868,0.9692
"2","drought",0.0309,0.1566,-0.277602,0.339402,0.8441
"3","fire",1.9555,0.1624,1.635572,2.275428,0
"4","insect",0.0845,0.0925,-0.097725,0.266725,0.3627
"5","cwd:fire",0.122,0.2894,-0.448118,0.692118,0.6744
"6","cwd:insect",-0.0218,0.1521,-0.321437,0.277837,0.8862
