"","variable","estimate","se","ci_low","ci_high","p_value"
"1","cwd",-0.0062,0.1447,-0.291259,0.278859,0.9657
"2","drought",0.0278,0.149,-0.26573,0.32133,0.8523
"3","fire",1.9985,0.1587,1.685861,2.311139,0
"4","insect",0.1001,0.0941,-0.085277,0.285477,0.2898
"5","cwd:fire",0.1068,0.2896,-0.463712,0.677312,0.7132
"6","cwd:insect",0.0531,0.1712,-0.284164,0.390364,0.7568
