"","variable","estimate","se","ci_low","ci_high","p_value"
"1","cwd",0.0065,0.0782,-0.147554,0.160554,0.9339
"2","drought",0.0318,0.0984,-0.162048,0.225648,0.7475
"3","fire",1.3746,0.2299,0.921697,1.827503,0
"4","insect",0.0722,0.0607,-0.047379,0.191779,0.2368
"5","cwd:fire",0.147,0.3154,-0.474338,0.768338,0.6436
"6","cwd:insect",-0.0201,0.0952,-0.207644,0.167444,0.8334
