"","variable","estimate","se","ci_low","ci_high","p_value"
"1","map",-0.0042,0.2772,-0.550284,0.541884,0.9879
"2","drought",0.0324,0.1455,-0.254235,0.319035,0.8241
"3","fire",1.984,0.1477,1.693031,2.274969,0
"4","insect",0.0886,0.0884,-0.085548,0.262748,0.318
"5","map:fire",0.0524,0.3108,-0.559876,0.664676,0.8664
"6","map:insect",-0.0302,0.2881,-0.597757,0.537357,0.9167
