"","variable","estimate","se","ci_low","ci_high","p_value"
"1","map",0.0483,0.168,-0.28266,0.37926,0.775
"2","drought",-0.3818,0.1192,-0.616624,-0.146976,0.0022
"3","fire",0.2378,0.1347,-0.0275589999999999,0.503159,0.0829
"4","insect",-0.0548,0.1339,-0.318583,0.208983,0.684
"5","map:fire",-0.0342,0.1954,-0.419138,0.350738,0.8615
"6","map:insect",-0.1358,0.2219,-0.572943,0.301343,0.543
