"","variable","estimate","se","ci_low","ci_high","p_value"
"1","mat",0.0173,0.1089,-0.197233,0.231833,0.8742
"2","drought",0.0239,0.1594,-0.290118,0.337918,0.8813
"3","fire",2.0336,0.1419,1.754057,2.313143,0
"4","insect",0.0921,0.0958,-0.096626,0.280826,0.3382
"5","mat:fire",0.2804,0.2584,-0.228648,0.789448,0.2806
"6","mat:insect",0.0041,0.1486,-0.288642,0.296842,0.9781
