"","variable","estimate","se","ci_low","ci_high","p_value"
"1","mat",-0.0794,0.0724,-0.222028,0.063228,0.276
"2","drought",-0.4216,0.078,-0.57526,-0.26794,0
"3","fire",-0.1023,0.1277,-0.353869,0.149269,0.4256
"4","insect",-0.2874,0.1824,-0.646728,0.071928,0.1189
"5","mat:fire",-1.0246,0.2395,-1.496415,-0.552785,1e-04
"6","mat:insect",-0.1752,0.1825,-0.534725,0.184325,0.34
