"","variable","estimate","se","ci_low","ci_high","p_value"
"1","mat",0.0032,0.1108,-0.215076,0.221476,0.9769
"2","drought",0.0302,0.151,-0.26727,0.32767,0.8416
"3","fire",1.8708,0.167,1.54181,2.19979,0
"4","insect",0.0789,0.0826,-0.083822,0.241622,0.3418
"5","mat:fire",0.3083,0.3069,-0.296293,0.912893,0.3183
"6","mat:insect",-0.0498,0.1362,-0.318114,0.218514,0.7155
