"","variable","estimate","se","ci_low","ci_high","p_value"
"1","mat",0.0178,0.1099,-0.198703,0.234303,0.8717
"2","drought",0.0256,0.1644,-0.298268,0.349468,0.8767
"3","fire",2.0278,0.1456,1.740968,2.314632,0
"4","insect",0.0975,0.0968,-0.093196,0.288196,0.3163
"5","mat:fire",0.2767,0.269,-0.25323,0.80663,0.3065
"6","mat:insect",0.0131,0.1506,-0.283582,0.309782,0.9306
