"","variable","estimate","se","ci_low","ci_high","p_value"
"1","mat",0.004,0.0841,-0.161677,0.169677,0.9621
"2","drought",0.0288,0.1116,-0.191052,0.248652,0.797
"3","fire",1.5486,0.2164,1.122292,1.974908,0
"4","insect",0.0777,0.0619,-0.044243,0.199643,0.2124
"5","mat:fire",0.0193,0.4047,-0.777959,0.816559,0.9622
"6","mat:insect",-0.0477,0.1028,-0.250216,0.154816,0.6432
