"","variable","estimate","se","ci_low","ci_high","p_value"
"1","mat",0.0171,0.1013,-0.182461,0.216661,0.8663
"2","drought",0.0289,0.1406,-0.248082,0.305882,0.8374
"3","fire",2.0122,0.1407,1.735021,2.289379,0
"4","insect",0.0961,0.093,-0.08711,0.27931,0.3035
"5","mat:fire",0.2538,0.2655,-0.269235,0.776835,0.3416
"6","mat:insect",0.0129,0.1413,-0.265461,0.291261,0.9275
