"","variable","estimate","se","ci_low","ci_high","p_value"
"1","mat",-0.0893,0.0677,-0.222669,0.044069,0.1911
"2","drought",-0.4115,0.0722,-0.553734,-0.269266,0
"3","fire",-0.2137,0.1371,-0.483787,0.056387,0.1231
"4","insect",0.2605,0.1464,-0.027908,0.548908,0.079
"5","mat:fire",-0.946,0.219,-1.37743,-0.51457,0
"6","mat:insect",0.5115,0.1495,0.216985,0.806015,0.001
