"","variable","estimate","se","ci_low","ci_high","p_value"
"1","thin",0.029,0.015,-0.000549999999999998,0.05855,0.079
"2","burn",-0.075,0.04,-0.1538,0.0038,0.08
"3","thin:burn",0.228,0.081,0.06843,0.38757,0.012
