"","variable","estimate","se","ci_low","ci_high","p_value"
"1","thin",0.032,0.015,0.00245,0.06155,0.05
"2","burn",-0.054,0.035,-0.12295,0.01495,0.136
"3","thin:burn",0.118,0.061,-0.00217000000000001,0.23817,0.069
